data_source,model,ROC,Sens,Spec,ROCSD,SensSD,SpecSD,auc
Multiomic,RandomForest,0.7651785714285714,0.6292857142857142,0.7716666666666667,0.09412610830378794,0.14933953233610764,0.15770057122473924,0.7559398496240586
