data_source,model,ROC,Sens,Spec,ROCSD,SensSD,SpecSD,auc
Multiomic,RandomForest,0.7564087301587302,0.6292857142857142,0.7477777777777779,0.09107257115735803,0.1658632848212668,0.16534390211640157,0.7494235588972432
