Variable,Missing proportion,Missing percentage
Age At Index,0,0
Gender,0,0
Race,0,0
Ethnicity,0,0
Days To Death,0.1511627906976744,15.11627906976744
Days To Follow Up,0.011627906976744186,1.1627906976744187
Survival 500,0.05813953488372093,5.813953488372093
