model,auc
ElasticNet,0.5883882783882781
RandomForest,0.6290720390720393
