data_source,alpha,lambda
Expression,0.1,1.9306977288832496
Methylation,0,42.91934260128778
Multiomic,0.1,1.9306977288832496
