model,auc
ElasticNet,0.7167167919799496
RandomForest,0.7219799498746864
