model,auc
ElasticNet,0.7147368421052633
RandomForest,0.7217167919799496
