model,accuracy,sensitivity,specificity
RandomForest,0.6775,0.7047619047619048,0.6473684210526316
