feature,Overall
ENSG00000176619,100
ENSG00000130309,31.65263201839897
ENSG00000206527,21.11416471574529
ENSG00000136156,11.36944043611405
ENSG00000197506,2.2809893742120035
ENSG00000111452,1.3842297975765436
ENSG00000070404,1.3323131072362726
ENSG00000112769,0.020256873132653692
ENSG00000179914,0
ENSG00000108821,0
IGH,0
ENSG00000168542,0
ENSG00000164692,0
ENSG00000198804,0
ENSG00000113140,0
ENSG00000115414,0
ENSG00000125730,0
ENSG00000198886,0
ENSG00000210082,0
ENSG00000185303,0
