model,auc
ElasticNet,0.7172431077694237
RandomForest,0.7256641604010027
