feature,Overall
ENSG00000176619,100
ENSG00000130309,25.300458942883658
ENSG00000206527,1.594471637707193
ENSG00000136156,1.2183029120758984
ENSG00000179914,0
ENSG00000108821,0
IGH,0
ENSG00000168542,0
ENSG00000164692,0
ENSG00000198804,0
ENSG00000113140,0
ENSG00000115414,0
ENSG00000125730,0
ENSG00000198886,0
ENSG00000210082,0
ENSG00000185303,0
ENSG00000198938,0
ENSG00000168484,0
ENSG00000116690,0
ENSG00000156508,0
