alpha,lambda,ROC,Sens,Spec,ROCSD,SensSD,SpecSD,model,mtry,splitrule,min.node.size
0.1,1.9306977288832496,0.7469146825396826,0.8672222222222223,0.34,0.09244066193158962,0.14367225935091255,0.2096142594269341,ElasticNet,NA,NA,NA
NA,NA,0.7431448412698414,0.705,0.6507142857142856,0.09190937206260232,0.17692576504694998,0.16902141815733995,RandomForest,250,gini,3
