alpha,lambda,ROC,Sens,Spec,ROCSD,SensSD,SpecSD,model,mtry,splitrule,min.node.size
0.75,0.20691380811147903,0.745545634920635,0.5564285714285715,0.7533333333333334,0.10661078202291462,0.21544083503681594,0.1887083832516856,ElasticNet,NA,NA,NA
NA,NA,0.7365922619047618,0.6299999999999999,0.6955555555555557,0.09494545678612468,0.17224816478589502,0.17221288803856802,RandomForest,150,gini,1
