feature,Overall
cg12186771,100
cg11654900,94.02435170991868
cg19859323,92.37024572942263
cg14716990,90.79113629701396
cg10286969,90.41790004352625
cg26376241,89.3426360562624
cg02090762,88.88348231429124
cg15701612,87.72930025979903
cg15672749,86.76132611446538
cg09884146,86.28114704926362
cg09988805,85.7503480002709
cg25659902,85.43272109863564
cg04552451,84.41524182922274
cg19367918,84.30556978905305
cg27526774,82.99219455801568
cg04244970,82.71082272171986
cg18236464,82.41646010652903
cg17069068,80.63541665601039
cg00086710,80.53439966289666
cg08774207,80.12182195970713
