model,auc
ElasticNet,0.723980463980464
RandomForest,0.7469597069597078
