model,accuracy,sensitivity,specificity
ElasticNet,0.6691358024691358,0.7238095238095238,0.6102564102564103
RandomForest,0.6839506172839506,0.7380952380952381,0.6256410256410256
