alpha,lambda,ROC,Sens,Spec,ROCSD,SensSD,SpecSD,model,mtry,splitrule,min.node.size
0,2.3357214690901213,0.7220634920634922,0.6535714285714286,0.7350000000000001,0.1054513279125179,0.16341968944395646,0.12557224979148646,ElasticNet,NA,NA,NA
NA,NA,0.7643154761904762,0.6442857142857144,0.72,0.08448528599508565,0.15273860557387928,0.1515989877486646,RandomForest,50,gini,10
