model,auc
ElasticNet,0.7310378510378513
RandomForest,0.749230769230769
