model,auc
ElasticNet,0.7085714285714276
RandomForest,0.7494235588972432
