model,accuracy,sensitivity,specificity
ElasticNet,0.6,0.9142857142857143,0.25263157894736843
RandomForest,0.705,0.7761904761904762,0.6263157894736842
