model,auc
ElasticNet,0.6939849624060155
RandomForest,0.756604010025062
