feature,Overall
cg21587238,100
ENSG00000182481,98.35014412244031
cg01751245,91.6828669901716
cg19859323,86.04969143390248
ENSG00000170558,84.45769289224218
ENSG00000165124,84.09550646158206
cg08430222,83.65996254997337
ENSG00000167601,80.5571135929736
ENSG00000198467,77.94389282405973
ENSG00000128422,77.86119659038957
ENSG00000261701,75.52429263377148
cg17754510,75.3539290667561
ENSG00000166592,74.22816846978131
ENSG00000110092,73.3376854511158
cg06699564,72.77345154410025
cg05098566,72.24310315306863
ENSG00000144136,71.5779016331322
ENSG00000136156,70.97243845756992
cg00334063,69.52957085514598
ENSG00000188643,68.69884362821536
