model,auc
ElasticNet,0.7289473684210532
RandomForest,0.7559398496240586
