alpha,lambda,ROC,Sens,Spec,ROCSD,SensSD,SpecSD,model,mtry,splitrule,min.node.size
0,100,0.7398611111111112,0.5642857142857143,0.757777777777778,0.0741055187282629,0.1550763746442027,0.12474768774092695,ElasticNet,NA,NA,NA
NA,NA,0.7651785714285714,0.6292857142857142,0.7716666666666667,0.09412610830378794,0.14933953233610764,0.15770057122473924,RandomForest,5,gini,3
