alpha,lambda,ROC,Sens,Spec,ROCSD,SensSD,SpecSD,model,mtry,splitrule,min.node.size
0.1,1.9306977288832496,0.7374503968253968,0.9155555555555557,0.2564285714285714,0.09200862425040827,0.11522477585655533,0.1870658238401114,ElasticNet,NA,NA,NA
NA,NA,0.7645238095238096,0.7766666666666667,0.6292857142857142,0.09147948393256354,0.1630057025183412,0.14933953233610764,RandomForest,5,gini,3
